{
  "ticker": "MSFT",
  "n": 5,
  "test_frac": 0.2,
  "train_rows": 1986,
  "test_rows": 498,
  "train_accuracy": 0.6037260825780463,
  "test_accuracy": 0.5240963855421686,
  "overfit_gap": 0.07962969703587763,
  "baselines_on_test": {
    "always_up": {
      "accuracy": 0.5240963855421686,
      "covered_rows": 498,
      "total_labeled_rows": 498
    },
    "persistence": {
      "accuracy": 0.4939759036144578,
      "covered_rows": 498,
      "total_labeled_rows": 498
    }
  },
  "coefficients": {
    "ma_ratio": -0.0295,
    "volatility": -0.0154,
    "volume_ratio": 0.0653,
    "momentum": -0.0429
  }
}